url,question,output,flag,username,timestamp
https://pt.wikipedia.org/wiki/Brasil,O brasil possui praias bonitas ?,,,,2024-05-03 21:03:59.597734
https://pt.wikipedia.org/wiki/Brasil,O brasil possui praias bonitas ?,"Sim, o Brasil tem praias bonitas!

O Brasil é conhecido por suas belas praias e costas, com mais de 7.000 km de litoral. Algumas das praias mais famosas do país incluem:

* Copacabana, em Rio de Janeiro: uma das praias mais populares e conhecidas do mundo.
* Ipanema, em Rio de Janeiro: outra praiagem popular e conhecida por seus clubes nocturnos e restaurants.
* Praia de Santos, em São Paulo: uma praiagem muito popoular e conhecida por suas areias finas e águas calmas.
* Praia do Forte, em Bahia: uma praiagem natural e preservada, conhecida por sua beleza e tranquilidade.

E muitas outras mais!

Mas, é importante lembrar que o Brasil não é apenas sobre as praias. É um país rico em história, cultura, natureza e vida!",,,2024-05-03 21:09:01.895604
,,,,,2024-05-03 22:11:57.677522
,,,,,2024-05-03 22:12:32.485080
